WorkScheduleID,CEmployeeID
300000000,100000034
300000001,100000035
300000002,100000036
300000003,100000037
300000004,100000038
300000005,100000039
300000006,100000040
300000007,100000041
300000008,100000042
300000009,100000043
300000010,100000044
300000011,100000045
300000012,100000046
300000013,100000047
300000014,100000048
300000015,100000049
300000016,100000050
300000017,100000051
300000018,100000052
300000019,100000053
300000020,100000054
300000021,100000055
300000022,100000056
300000023,100000057
300000024,100000058
300000025,100000059
300000026,100000060
300000027,100000061
300000028,100000062
300000029,100000063
300000030,100000064
300000031,100000065
300000032,100000066
300000033,100000067
300000034,100000068
300000035,100000069
300000036,100000070
300000037,100000071
300000038,100000072
300000039,100000073
